category,prompt,title,subtitle,body
category,prompt,title,subtitle,body
bikebrands,what is giant?,What is Giant? An Introduction to the Cryptocurrency,Understanding the Basics of Giant and its Potential Impact on the Crypto Space,"Giant is a relatively new cryptocurrency that has been gaining traction in the crypto space. It was launched in 2018 by a team of developers and is based on a proof-of-stake consensus algorithm. The goal of Giant is to provide users with a secure, low-cost, and fast way to transfer funds.

Giant is an open source project and anyone can contribute to its development. It has a built-in governance system that allows users to vote on changes to the protocol. This allows for greater decentralization and more control over the network.

The main feature of Giant is its low transaction fees. Unlike other cryptocurrencies, it does not require miners to confirm transactions, which reduces costs significantly. This makes it attractive for merchants who want to accept payments without having to pay high fees.

Giant also has an innovative privacy feature called 'Zerocoin'. This allows users to send funds anonymously without revealing their identity or transaction history. This makes it attractive for those who want to keep their transactions private.

Giant has been gaining popularity since its launch and has already seen some success in terms of adoption and usage. It has been listed on several exchanges and wallets, making it easier for users to buy and sell the currency. It also has a vibrant community of developers who are constantly working on improving the project.

Overall, Giant is an interesting cryptocurrency that offers users low transaction fees, privacy features, and decentralization. It may be worth keeping an eye on as it continues to grow in popularity."
bikebrands,what is cannondale?,What is Cannondale? A Comprehensive Guide,Understanding the Brand and Its Products,"Cannondale is a leading bicycle brand that has been producing high-quality bikes for over 40 years. Founded in 1971, the company has become a household name in the cycling world, thanks to its innovative designs and superior quality. Cannondale produces a wide range of bikes for all types of riders, from beginners to seasoned pros.

The company's commitment to innovation has led to the development of some of the most advanced bicycles on the market. For instance, Cannondale's System Integration technology combines frame, fork, handlebar, stem, and seatpost into one unified system that offers unparalleled performance. The company also uses advanced materials such as carbon fiber and aluminum to create lightweight yet durable frames.

Cannondale offers a variety of bike models for different riding styles. For road cyclists, there are road bikes such as the SuperSix EVO and Synapse models. Mountain bikers can choose from hardtail or full-suspension models like the Habit or Scalpel. For commuters and recreational riders, Cannondale also offers hybrid bikes such as the Quick and Adventure models.

In addition to its bikes, Cannondale also produces a range of cycling apparel and accessories. The company's clothing line includes jerseys, shorts, jackets, gloves, hats, and more. Accessories include bike racks, hydration packs, lights, locks, helmets, and more.

Whether you're a beginner or an experienced cyclist looking for a reliable bike brand with innovative designs and superior quality products, Cannondale is worth considering. With its wide range of models and accessories available at competitive prices, it's no wonder why Cannondale has become one of the most popular bicycle brands around."
bikebrands,what is raleigh?,What is Raleigh? Exploring the City of Oaks,"An Overview of Raleigh, North Carolina","Raleigh, North Carolina is the capital city of the state and home to more than 500,000 people. It is known as the ""City of Oaks"" due to its many oak trees that line the streets. The city has a rich history dating back to 1792 when it was founded as North Carolina's first planned city.

Raleigh is a thriving city with a vibrant culture and economy. It is home to several universities, including North Carolina State University, Shaw University, and Peace College. The city also has numerous museums, art galleries, and performing arts venues.

The city's economy is driven by technology, healthcare, education, and government services. Raleigh is home to several Fortune 500 companies such as Red Hat Software and Lenovo. The city also has a thriving startup ecosystem with numerous venture capital firms investing in local startups.

Raleigh is known for its vibrant nightlife with numerous bars and restaurants located throughout the city. The downtown area has become a popular destination for locals and visitors alike. There are also many outdoor activities available in the area such as hiking trails and parks.

Overall, Raleigh is an exciting and diverse city with something for everyone. Whether you're looking for a vibrant nightlife or outdoor activities, there's something for everyone in this beautiful city."
bikebrands,what is scott?,What is Scott? A Guide to the Cryptocurrency,Understanding the Basics of Scottcoin,"Scott is a cryptocurrency that was created in 2018 with the goal of becoming a global payment system. It is a decentralized, open-source digital currency that operates on a blockchain network. The currency is designed to be secure, fast, and private, and it has been gaining traction in the cryptocurrency community.

The Scott network is powered by its own native cryptocurrency, Scottcoin (SCOT). This digital asset can be used to purchase goods and services, transfer funds, and store value. The currency also offers low transaction fees and quick transaction times.

The Scott network is based on a proof-of-stake consensus algorithm, which means that users can earn rewards for staking their coins in the network. This incentivizes users to hold onto their coins and helps to secure the network.

The Scott team has also developed several other features to make the platform more user-friendly. These include a wallet app, an exchange platform, and a mobile app. The team has also implemented several security measures to protect users' funds.

Overall, Scott is an innovative cryptocurrency that offers users a secure way to store and transfer value. It has been gaining popularity in the crypto community due to its low transaction fees, fast transaction times, and user-friendly features. If you're looking for an alternative payment system or a way to store your funds securely, then Scott may be worth considering."
bikebrands,what is orbea?,What is Orbea? An Introduction to the Spanish Bicycle Manufacturer,A Guide to the History and Products of Orbea,"Orbea is a Spanish bicycle manufacturer that has been in business since the 1930s. Founded by three brothers in Eibar, Spain, Orbea has grown to become one of the most well-known and respected cycling brands in the world.

Orbea produces a wide range of bicycles for all types of riders. From mountain bikes and road bikes to city bikes and children's bikes, Orbea has something for everyone. The company also produces a range of accessories such as helmets, clothing, and components.

Orbea's commitment to quality and innovation has made them one of the top bicycle brands in the world. Their products are designed with precision and care, using only the best materials available. The company also puts a strong emphasis on safety, ensuring that all of their products meet the highest standards for performance and reliability.

In addition to their bicycles, Orbea also produces a range of cycling apparel and accessories. From jerseys and shorts to gloves and helmets, Orbea has everything you need to stay comfortable while riding. They also offer a variety of components such as wheels, tires, saddles, handlebars, and more.

Orbea is committed to providing cyclists with quality products that are designed to last. Their dedication to excellence has earned them numerous awards over the years, including several prestigious awards from the European Cycling Federation (ECF).

If you're looking for a high-quality bicycle that is built to last, then Orbea is an excellent choice. With their commitment to quality and innovation, you can be sure that your bike will provide years of reliable performance. So if you're looking for a reliable bike that won't let you down, then look no further than Orbea."
bikemaintenance,why regular brake adjustment is crucial for your bike's lifespan?,Why Regular Brake Adjustment Is Crucial for Your Bike's Lifespan,Understanding the Benefits of Regular Brake Adjustment,"Bicycles are a great way to get around, but they require regular maintenance to ensure they remain safe and reliable. One of the most important maintenance tasks is to adjust your brakes regularly. This ensures that your bike will be able to stop quickly and safely when you need it to, and it can help extend the lifespan of your bike.

Brake adjustment is a relatively simple process that involves checking the brake pads, cable tension, and other components of the braking system. The goal is to ensure that all parts are working properly and that the brakes are providing optimal stopping power. This is especially important if you ride in wet or icy conditions, as these can cause the brakes to wear out more quickly.

When adjusting your brakes, it's important to make sure that the pads are properly aligned with the wheel rims. If they're not, you may experience poor braking performance or even damage to your wheels. You should also check that the brake cables are properly tensioned and lubricated. This helps ensure that they don't become stuck or break during use. Finally, you should inspect the brake levers for any signs of wear or damage.

Regular brake adjustment can also help extend the life of your bike by reducing wear on other components. When your brakes are properly adjusted, they won't be overworked, which can cause excessive wear on other parts such as wheels and tires. Additionally, proper brake adjustment can help improve overall performance by ensuring that you have maximum stopping power when you need it most.

Overall, regular brake adjustment is an important part of maintaining your bicycle and keeping it safe and reliable for years to come. By taking a few minutes each month to check your brakes, you can ensure that they're working properly and help extend the life of your bike. If you're not sure how to adjust your brakes, there are plenty of resources available online or at your local bike shop that can help walk you through the process."
bikemaintenance,why regular gear tuning is crucial for your bike's lifespan?,Why Regular Gear Tuning Is Crucial for Your Bike's Lifespan,The Benefits of Regular Gear Tuning and Maintenance,"Regular gear tuning is essential for keeping your bike running smoothly and ensuring its longevity. A well-tuned bike will not only ride better, but it will also last longer and be more reliable. In this article, we'll explore the benefits of regular gear tuning and how it can help extend the life of your bike.

The first benefit of regular gear tuning is that it helps to keep your bike running smoothly and efficiently. When gears are properly tuned, they work together to create a smoother ride. This means that you won't have to worry about jerky shifts or grinding gears when you're out on the road. Additionally, properly tuned gears can help reduce wear and tear on the components, which can help extend the life of your bike.

Another benefit of regular gear tuning is that it can help improve the performance of your bike. Properly tuned gears will ensure that you get the most out of each pedal stroke, allowing you to go faster and farther with less effort. Additionally, properly tuned gears can help reduce drag, which can make riding more enjoyable and efficient.

Finally, regular gear tuning can help reduce the risk of mechanical failure or breakdowns while you're out on the road. When gears are properly tuned, they are less likely to fail due to wear and tear or improper adjustment. This means that you won't have to worry about being stranded due to a broken chain or worn-out derailleur.

Overall, regular gear tuning is essential for keeping your bike running smoothly and efficiently. It can help improve performance, reduce wear and tear on components, and reduce the risk of mechanical failure or breakdowns while you're out on the road. If you want to get the most out of your bike, it's important to make sure that it's regularly tuned and maintained. For more information about gear tuning and maintenance, check out [this guide from BikeRadar](https://www.bikeradar.com/advice/how-to/gear-tuning-and-maintenance/)."
bikemaintenance,how to perform a chain cleaning on your bike?,How to Clean Your Bike Chain in 5 Easy Steps,A Step-by-Step Guide for Cleaning Your Bike Chain,"Cleaning your bike chain is an important part of bike maintenance. A clean chain will help keep your bike running smoothly and efficiently. Here is a step-by-step guide for cleaning your bike chain.

## Step 1: Gather Your Supplies
Before you start, you'll need some supplies. You'll need a degreaser, a brush, rags, and a container to hold the degreaser. You can find these items at any bike shop or online. 

## Step 2: Remove the Chain
Once you have your supplies, you can begin the process of cleaning your chain. Start by removing the chain from your bike. This can be done by loosening the bolts that hold the chain in place. Once the chain is removed, place it in the container with the degreaser. 

## Step 3: Soak the Chain
Once the chain is in the container with the degreaser, let it soak for 10-15 minutes. This will help loosen any dirt and grime that has built up on the chain over time. 

## Step 4: Scrub the Chain
Once the chain has soaked for 10-15 minutes, use a brush to scrub away any dirt and grime that has built up on it. Make sure to get into all of the crevices and corners of the chain links to ensure that it is thoroughly cleaned. 

## Step 5: Rinse and Dry
Once you have scrubbed away all of the dirt and grime, rinse off the chain with water and then dry it with a rag. Once it is dry, you can reattach it to your bike and enjoy riding again! 

Cleaning your bike chain is an important part of bike maintenance that should not be overlooked. With this step-by-step guide, you can easily clean your bike chain in just a few simple steps!"
bikeaccessories,5 best bike light options for cyclists,5 Best Bike Light Options for Cyclists,Stay Safe and Visible on Your Next Ride,"Biking is a great way to stay active and get around, but it can be dangerous if you don’t have the right equipment. A good bike light is essential for any cyclist, as it will help you stay visible to drivers and other cyclists. Here are five of the best bike light options available on the market today.

1. NiteRider Lumina Micro 850: This powerful bike light offers 850 lumens of brightness and a run time of up to 1.5 hours. It has five different modes, including high, medium, low, pulse, and walk mode. It also has an integrated USB charging port so you can easily recharge your light without having to remove it from your bike.

2. Cygolite Hotshot Pro 150: This lightweight bike light is perfect for commuters who want to stay visible in low-light conditions. It offers 150 lumens of brightness and has seven different modes, including steady, pulse, flash, zoom, and more. It also has a built-in USB rechargeable battery so you can easily recharge your light without having to remove it from your bike.

3. Bontrager Ion Pro RT: This powerful bike light offers up to 800 lumens of brightness and a run time of up to 3 hours. It has seven different modes, including high, medium, low, pulse, flash, and more. It also has an integrated USB charging port so you can easily recharge your light without having to remove it from your bike.

4. CatEye Volt 800XC: This powerful bike light offers up to 800 lumens of brightness and a run time of up to 3 hours. It has eight different modes, including high, medium, low, pulse, flash, and more. It also has an integrated USB charging port so you can easily recharge your light without having to remove it from your bike.

5. Blackburn Central 200 Front Light: This lightweight bike light is perfect for commuters who want to stay visible in low-light conditions. It offers 200 lumens of brightness and has five different modes, including steady beam, flash beam, strobe beam, and more. It also has a built-in USB rechargeable battery so you can easily recharge your light without having to remove it from your bike."
bikeaccessories,bike helmet buying guide: top considerations,Bike Helmet Buying Guide: Top Considerations for a Safe Ride,A Comprehensive Guide to Choosing the Right Bike Helmet,"When it comes to biking, safety should always be your top priority. A bike helmet is an essential piece of equipment for any cyclist, and it's important to make sure you choose the right one. In this bike helmet buying guide, we'll explore the key considerations you should make when selecting a helmet for your ride.

## Types of Bike Helmets

The first step in choosing the right bike helmet is understanding the different types available. The two main types of helmets are full-face and open-face. Full-face helmets provide more coverage and protection than open-face helmets, but they can be more cumbersome and uncomfortable to wear. Open-face helmets, on the other hand, are lighter and more breathable but offer less protection in the event of a crash.

## Fit and Comfort

Once you've determined which type of helmet is right for you, it's time to focus on fit and comfort. A properly fitting helmet should sit level on your head and cover your forehead without obstructing your vision. The straps should be snug but not too tight, and you should be able to fit two fingers between the strap and your chin. Additionally, look for helmets with adjustable straps or padding so you can customize the fit to your head shape.

## Safety Standards

It's also important to make sure that any helmet you purchase meets safety standards set by organizations such as the Consumer Product Safety Commission (CPSC) or the Snell Memorial Foundation (SMF). These standards ensure that helmets are designed to protect riders in the event of a crash or fall. Look for helmets with labels indicating that they meet these safety standards before making a purchase.

## Additional Features

Finally, consider any additional features that may be beneficial for your ride. Many helmets come with additional features such as removable visors, adjustable vents, and integrated lights or reflectors for increased visibility at night. These features can help make your ride safer and more enjoyable, so consider them when making your selection. 

## Conclusion 

Choosing a bike helmet doesn't have to be complicated. By considering these key factors—type, fit and comfort, safety standards, and additional features—you can find a helmet that meets your needs and provides optimal protection during your ride. For more information about bike helmets, check out [this guide from REI](https://www.rei.com/learn/expert-advice/bike-helmet-buying-guide.html)."
bikemaintenance,how to perform a gear tuning on your bike?,How to Tune Your Bike Gears for Optimal Performance,A Step-by-Step Guide to Gear Tuning for Cyclists,"Tuning your bike gears is an essential part of cycling. It can help you get the most out of your ride and ensure that you are riding safely and efficiently. In this article, we'll provide a step-by-step guide on how to tune your bike gears for optimal performance.

## What Is Gear Tuning?

Gear tuning is the process of adjusting the components of your bike's drivetrain in order to optimize its performance. This includes adjusting the chain, cassette, derailleur, and shifter. By making sure that all of these components are working together properly, you can ensure that your bike is running at its best.

## Why Is Gear Tuning Important?

Gear tuning is important because it ensures that your bike is running smoothly and efficiently. Properly tuned gears will help you shift quickly and smoothly, which can make a big difference in your overall performance. Additionally, properly tuned gears can help reduce wear and tear on your drivetrain components, which can save you money in the long run.

## How To Tune Your Bike Gears

Tuning your bike gears is relatively simple, but it does require some patience and attention to detail. Here's a step-by-step guide on how to do it:

1. Start by inspecting all of the components of your drivetrain. Make sure that everything is in good condition and free from any damage or wear and tear. If any parts need to be replaced, do so before continuing with the tuning process. 
2. Next, adjust the limit screws on your derailleur so that it shifts properly between gears without any issues. 
3. Once the limit screws have been adjusted, check the tension on the chain by lifting it up with your fingers. It should be tight enough that it doesn't sag when lifted up but not so tight that it's difficult to move. 
4. Adjust the barrel adjuster until the chain shifts smoothly between gears without any issues or skipping teeth on the cassette or chainrings. 
5. Finally, check all of the components once more to make sure they are all working properly before taking your bike out for a ride! 

## Conclusion 
Tuning your bike gears is an important part of cycling and can help you get the most out of every ride. By following this step-by-step guide, you can ensure that your drivetrain is running smoothly and efficiently so that you can enjoy every ride! 

For more information about gear tuning and other cycling tips, check out [BikeRadar](https://www.bikeradar.com/)."
bikeaccessories,bike lock buying guide: top considerations,Bike Lock Buying Guide: Top Considerations for 2021,Find the Right Bike Lock for Your Needs,"When it comes to protecting your bike, a good bike lock is essential. But with so many different types of bike locks on the market, it can be difficult to know which one is right for you. This guide will provide you with the information you need to make an informed decision when it comes to choosing the best bike lock for your needs.  

The first thing to consider when buying a bike lock is the type of lock you need. There are several different types of locks available, including U-locks, cable locks, and combination locks. U-locks are the most secure type of lock and provide the highest level of protection against theft. Cable locks are less secure than U-locks but still provide a good level of protection. Combination locks are also popular and provide a good level of security.  

The next thing to consider when buying a bike lock is the size of the lock. U-locks come in various sizes and should fit around your frame and both wheels securely. Cable locks should be long enough to fit around your frame and both wheels as well as any other items you may want to secure with the lock such as a helmet or bag.  

The material of the bike lock is also important. U-locks are typically made from hardened steel or titanium, which makes them resistant to cutting and prying. Cable locks are usually made from braided steel or vinyl-coated cables which make them more resistant to cutting than traditional steel cables but less resistant than hardened steel or titanium U-locks.  

Finally, you should consider how easy it is to use the bike lock. U-locks typically require a key while combination locks can be opened with a combination code. Cable locks usually require a key or combination code as well but some models may have an integrated locking mechanism that can be opened without a key or code.  

When choosing the right bike lock for your needs, it's important to consider all of these factors before making your purchase. With so many different types of bike locks on the market, it's important to do your research and find one that meets your needs in terms of security, size, material, and ease of use. By following this guide, you'll be able to find the perfect bike lock for your needs in no time! [Link 1](https://www.bicycling.com/bikes-gear/a25126727/best-bike-lock/) [Link 2](https://www.rei.com/learn/expert-advice/bike-lock-buying-guide) [Link 3](https://www.thesun.co.uk/money/11174490/best-bike-lock/)"
bikebrands,a beginner's guide to trek bikes,A Comprehensive Guide to Trek Bikes for Beginners,Everything You Need to Know About Trek Bikes,"Are you a beginner looking for a reliable and affordable bike? If so, then you should consider Trek bikes. Trek is one of the world’s leading bike manufacturers, with a wide range of models and styles to choose from. In this guide, we’ll look at the different types of Trek bikes available, their features, and how to choose the right one for you.

## Types of Trek Bikes

Trek offers a variety of different bike types, each designed for a specific purpose. Here are some of the most popular models:

* **Mountain Bikes**: Mountain bikes are designed for off-road riding on rough terrain. They typically feature wide tires with knobby treads for increased traction and stability.
* **Road Bikes**: Road bikes are designed for speed and efficiency on paved surfaces. They feature narrow tires and lightweight frames that make them ideal for long-distance rides.
* **Hybrid Bikes**: Hybrid bikes combine features from both mountain and road bikes. They have wider tires than road bikes, but they’re still lightweight enough for long rides.
* **Electric Bikes**: Electric bikes are powered by an electric motor that assists the rider when pedaling. This makes them ideal for commuting or leisurely rides.

## Features of Trek Bikes

No matter which type of Trek bike you choose, you can expect it to come with some great features. Here are some of the most common features found on Trek bikes:

* **Lightweight Frames**: All Trek bikes feature lightweight aluminum or carbon fiber frames that make them easy to maneuver and carry around.
* **Comfortable Seats**: Most Trek models come with comfortable seats that are designed to reduce fatigue during long rides.
* **Adjustable Suspension**: Many Trek models feature adjustable suspension systems that allow you to customize your ride based on terrain or personal preference. 
* **Reliable Brakes**: All Trek bikes come with reliable brakes that provide consistent stopping power in all conditions. 
* **High-Quality Components**: All components on a Trek bike are designed to be durable and long-lasting, so you can count on your bike to last for years to come. 

## How to Choose the Right Trek Bike 
 
Choosing the right Trek bike can seem like a daunting task, but it doesn’t have to be! Here are some tips to help you find the perfect bike:
 
* **Consider Your Needs**: First, think about what type of riding you plan on doing most often. If you plan on doing mostly off-road riding, then a mountain bike may be best for you. If you plan on doing mostly paved road riding, then a road bike may be best for you. 
* **Test Ride Different Models**: Once you’ve narrowed down your options, it’s time to test ride different models! Visit your local bike shop and take each model out for a spin before making your final decision. 
* **Read Reviews**: Reading reviews from other riders can help give you an idea of how each model performs in real-world conditions. Look for reviews from riders who have similar needs as yours so you can get an accurate picture of how each model performs in certain situations. 
 
## Conclusion 
 
Trek is one of the world’s leading bike manufacturers, offering a wide range of models and styles to choose from. No matter which type of riding you plan on doing most often, there’s sure to be a perfect Trek bike out there for you! Consider your needs, test ride different models, and read reviews before making your final decision so that you can find the perfect bike for your needs."
bikebrands,specialized bike review: pros and cons,Specialized Bike Reviews: Pros and Cons,A Comprehensive Guide to Choosing the Right Specialized Bike,"Are you looking for a new bike but don't know where to start? Specialized bikes are a great option, offering a wide range of models for different types of riders. But with so many options available, it can be hard to decide which one is right for you. In this guide, we'll go over the pros and cons of specialized bikes so you can make an informed decision.

## Pros of Specialized Bikes

One of the biggest advantages of specialized bikes is their quality. Specialized bikes are designed with precision and attention to detail, making them some of the most reliable bikes on the market. They are also designed for specific types of riding, such as mountain biking or road biking, so you can be sure that your bike will perform well in the environment you choose.

Another benefit of specialized bikes is their customizability. Many models come with adjustable components that allow you to tailor your bike to your exact needs. This means you can customize your bike to your riding style and terrain, ensuring that it performs optimally in any situation.

Finally, specialized bikes are often more affordable than other brands. While they may not be as cheap as some other brands, they offer great value for money and are usually cheaper than other high-end models.

## Cons of Specialized Bikes

The main downside of specialized bikes is their limited availability. Because they are only sold through select retailers, it can be difficult to find the exact model you want in stock. This means that if you need a specific component or size, you may have to wait until it becomes available again. Additionally, some retailers may not carry all models or sizes, so it's important to shop around before making a purchase.

Another potential downside is that specialized bikes may not be suitable for all riders. Some models may be too advanced for beginners or too basic for experienced riders. It's important to do your research and make sure the model you choose is appropriate for your skill level and riding style.

Finally, specialized bikes can be expensive. While they offer great value for money compared to other brands, they still tend to cost more than entry-level models from other manufacturers. If you're on a budget, it's important to consider whether the extra cost is worth it for the features and quality offered by specialized bikes."
bikebrands,top alternatives to merida bikes,The Best Alternatives to Merida Bikes,A Comprehensive Guide to Finding the Right Bike for You,"Are you looking for a bike that offers the same quality and performance as a Merida, but at a lower price? If so, you’re in luck! There are plenty of great alternatives to Merida bikes on the market today. In this guide, we’ll take a look at some of the best options available.

## Types of Alternatives to Merida Bikes

There are several different types of bikes that can be considered alternatives to Merida bikes. These include mountain bikes, road bikes, hybrid bikes, and electric bikes. Each type of bike has its own unique features and benefits that make it an ideal choice for different types of riders. Let’s take a closer look at each type of bike.

### Mountain Bikes

Mountain bikes are designed for off-road riding on rough terrain. They typically feature wide tires with knobby treads for added traction, as well as suspension systems that absorb shock and help keep the rider comfortable. Popular brands like Trek, Specialized, and Giant offer a variety of mountain bike models that can be considered alternatives to Merida bikes.

### Road Bikes

Road bikes are designed for riding on paved roads and paths. They usually have thinner tires than mountain bikes and lack suspension systems, but they are often lighter in weight and more aerodynamic. Popular brands like Cannondale, Bianchi, and Pinarello offer a variety of road bike models that can be considered alternatives to Merida bikes.

### Hybrid Bikes

Hybrid bikes combine elements from both mountain and road bikes. They typically feature wider tires than road bikes, but thinner tires than mountain bikes. They also have suspension systems that provide comfort while riding on rough terrain. Popular brands like Giant, Specialized, and Trek offer a variety of hybrid bike models that can be considered alternatives to Merida bikes. 

### Electric Bikes 
Electric bikes are powered by an electric motor and battery pack. They offer an easy way to get around town without having to pedal all the time. Popular brands like Specialized, Trek, and Giant offer a variety of electric bike models that can be considered alternatives to Merida bikes. 
 
## Conclusion 
When it comes to finding an alternative to a Merida bike, there are plenty of great options available on the market today. Whether you’re looking for a mountain bike, road bike, hybrid bike, or electric bike – there’s sure to be something out there that meets your needs and budget. Do your research before making your purchase so you can find the perfect alternative to your Merida bike."
bikeaccessories,5 best bike pump options for cyclists,The 5 Best Bike Pump Options for Cyclists,A Guide to the Best Bike Pumps for Every Cyclist,"Cycling is a great way to stay fit and have fun, but it's important to make sure you have the right equipment. A bike pump is an essential piece of equipment for any cyclist, as it helps to keep your tires inflated and running smoothly. But with so many different types of pumps available, it can be hard to know which one is best for you.

In this guide, we'll take a look at five of the best bike pump options for cyclists of all levels. We'll discuss the different types of pumps available and their features, so you can make an informed decision about which one is right for your needs.

## 1. Floor Pump 

A floor pump is a great choice for any cyclist who wants a reliable and easy-to-use pump. These pumps are designed to be used on the floor and feature a large base and long handle that make them easy to use. They also typically come with an air gauge so you can easily check the pressure in your tires. Floor pumps are usually more expensive than other types of pumps, but they are also more durable and reliable.

## 2. Hand Pump 

A hand pump is a great option if you're looking for something lightweight and portable. These pumps are designed to be used by hand, so they don't require any setup or additional equipment. They're also usually much smaller than floor pumps, making them easier to store in your bag or on your bike frame. The downside is that hand pumps can be difficult to use and may require more effort than other types of pumps.

## 3. Mini Pump 

Mini pumps are similar to hand pumps, but they are even smaller and lighter. These pumps are designed to be extremely portable, so they can easily fit in your pocket or bag. Mini pumps are usually less powerful than other types of pumps, so they may not be able to inflate your tires as quickly or as much as other options. However, they are still a great choice if you need something small and lightweight that you can take with you on rides.

## 4. CO2 Inflator 

CO2 inflators are a great choice if you need something that can inflate your tires quickly and easily. These inflators use small cartridges of compressed CO2 gas to quickly inflate your tires without any extra effort from you. The downside is that these inflators can be expensive and may require you to buy additional cartridges if you want to use them multiple times. 

## 5. Electric Pump 

Electric pumps are another great option if you're looking for something that can inflate your tires quickly and easily without any extra effort from you. These pumps use an electric motor to quickly inflate your tires in just a few minutes. The downside is that electric pumps tend to be more expensive than other types of pumps, but they are still a good choice if you want something fast and easy-to-use."
bikebrands,top alternatives to raleigh bikes,The Best Alternatives to Raleigh Bikes,A Guide to Finding the Right Bike for You,"Are you looking for an alternative to Raleigh bikes? Whether you’re a beginner or an experienced cyclist, there are plenty of great options out there. In this guide, we’ll explore some of the top alternatives to Raleigh bikes and help you find the perfect ride for your needs.  

## Types of Bikes 

When it comes to finding the right bike, it’s important to understand the different types available. Mountain bikes are designed for off-road riding, while road bikes are best for paved surfaces. Hybrid bikes are a combination of both and can handle a variety of terrain. There are also electric bikes, which use a battery-powered motor to help you pedal.  

## Popular Alternatives to Raleigh Bikes 

There are many great alternatives to Raleigh bikes, including:  

* [Giant](https://www.giant-bicycles.com/) – Giant is one of the most popular bike brands in the world and offers a wide range of models for all types of riders.  
* [Specialized](https://www.specialized.com/) – Specialized is another top brand that has been around since 1974 and offers a variety of mountain, road, and hybrid bikes.  
* [Trek](https://www.trekbikes.com/) – Trek is well-known for its high-end mountain bikes but also offers road and hybrid models as well as electric bikes.  
* [Cannondale](https://www.cannondale.com/) – Cannondale is known for its lightweight aluminum frames and has a wide selection of mountain, road, and hybrid models.  

## Finding the Right Bike for You 

When it comes to finding the right bike, it’s important to consider your budget, riding style, and terrain preferences. If you’re just starting out or want something more affordable, Giant and Trek offer great entry-level models that won’t break the bank. If you’re looking for something more advanced or specialized, Specialized and Cannondale have higher-end models that can handle more challenging terrain and offer better performance overall.  

No matter which brand you choose, make sure you take the time to test ride different models before making your final decision. A good bike shop will be able to help you find the perfect fit for your needs and budget."
bikemaintenance,why regular tire repair is crucial for your bike's lifespan?,Why Regular Tire Repair Is Crucial for Your Bike's Lifespan,Understanding the Benefits of Regular Tire Maintenance,"When it comes to bike maintenance, one of the most important aspects is tire repair. Regularly repairing and maintaining your bike's tires can help extend the life of your bike, as well as improve its performance. In this article, we'll explain why regular tire repair is so important and how it can benefit you.

## Why Is Tire Repair Important?

Tire repair is important for a number of reasons. First, it helps to prevent flats and other tire-related issues that can cause you to lose control of your bike. Additionally, regular tire maintenance can help keep your tires in good condition and improve their performance. This means that you'll be able to ride faster and farther without having to worry about tire-related problems.

## What Are the Benefits of Regular Tire Maintenance?

There are several benefits to regular tire maintenance. First, it helps to keep your tires in good condition and improve their performance. This means that you'll be able to ride faster and farther without having to worry about tire-related problems. Additionally, regular tire maintenance can help reduce the risk of flats and other tire-related issues that can cause you to lose control of your bike. Finally, regular tire maintenance can help extend the life of your bike by preventing wear and tear on the tires.

## What Should You Do During Tire Maintenance?

When performing regular tire maintenance, there are a few things that you should do. First, check the pressure in your tires regularly with a pressure gauge. This will help ensure that they are properly inflated and not too soft or too hard. Additionally, inspect your tires for any signs of damage or wear, such as cracks or bulges in the sidewall. If you find any signs of damage or wear, replace the tires immediately to avoid further damage or injury. Finally, check the tread on your tires regularly to make sure they have enough tread depth for safe riding conditions.

## Conclusion 
Regularly repairing and maintaining your bike's tires is essential for keeping them in good condition and improving their performance. Additionally, it helps reduce the risk of flats and other tire-related issues that can cause you to lose control of your bike. Finally, regular tire maintenance can help extend the life of your bike by preventing wear and tear on the tires. If you want to get the most out of your bike, make sure to perform regular tire maintenance.[BikeRadar](https://www.bikeradar.com/advice/maintenance/how-to-maintain-your-bikes-tyres/)[Rei](https://www.rei.com/learn/expert-advice/bike-tire-maintenance.html)[BikeExchange](https://www.bikeexchange.com/blog/bike-tire-maintenance)"
bikeaccessories,5 best bike lock options for cyclists,The 5 Best Bike Locks for Cyclists,A Comprehensive Guide to Securing Your Bicycle,"Bicycles are a great way to get around, but they can also be a target for theft. To protect your bike, you'll need a reliable bike lock. In this guide, we'll look at the five best bike locks on the market and what features you should look for when choosing one.

The first thing to consider when looking for a bike lock is the type of lock you need. There are two main types of locks: U-locks and chain locks. U-locks are the most secure option and are made from hardened steel. Chain locks are less secure but offer more flexibility in terms of where you can lock up your bike.

When it comes to choosing a bike lock, there are several factors to consider. First, consider the size and weight of the lock. You want a lock that is lightweight and easy to carry around with you, but also strong enough to deter thieves. Second, consider the security rating of the lock. Look for locks that have been tested by independent labs and certified as being secure. Finally, consider the price of the lock and make sure it fits within your budget.

Now that you know what to look for in a bike lock, let's take a look at five of the best bike locks on the market today:

1. [Kryptonite New York Fahgettaboudit U-Lock](https://www.kryptonitelock.com/en/products/u-locks/new-york-fahgettaboudit-u-lock): This U-lock is made from hardened steel and is rated as one of the most secure locks on the market. It comes with an anti-theft protection guarantee and is designed to resist cutting, prying, and jacking attacks.

2. [Abus Granit X Plus 540 U-Lock](https://www.abus.com/uk/Product/Granit-XPlus-540): This U-lock is made from hardened steel and is rated as one of the strongest locks on the market. It has an integrated keyhole cover that protects against picking attacks and comes with an anti-theft protection guarantee up to €2,500 or $2,500 USD in case of theft or damage caused by attempted theft.

3. [Kryptonite Evolution Mini 7 Chain Lock](https://www.kryptonitelock.com/en/products/chain-locks/evolution-mini-7): This chain lock is made from hardened steel links and is rated as one of the strongest chain locks on the market. It has an integrated keyhole cover that protects against picking attacks and comes with an anti-theft protection guarantee up to €2,500 or $2,500 USD in case of theft or damage caused by attempted theft.

4. [OnGuard Bulldog Mini D Lock](https://www.onguardlockusa.com/product/bulldog_mini_d_lock): This D Lock is made from hardened steel and is rated as one of the strongest D Locks on the market today. It has an integrated keyhole cover that protects against picking attacks and comes with an anti-theft protection guarantee up to €2,500 or $2,500 USD in case of theft or damage caused by attempted theft.

5.[Hiplok DX Wearable Chain Lock](https://hiplokusa.com/products/dx): This chain lock is designed to be worn around your waist while riding your bike for added convenience and security while out on rides or errands around town. It's made from hardened steel links and comes with an anti-theft protection guarantee up to €2,500 or $2,500 USD in case of theft or damage caused by attempted theft."
