category,prompt
bikebrands,specialized bike review: pros and cons
bikebrands,top alternatives to raleigh bikes
bikebrands,top alternatives to merida bikes
bikebrands,a beginner's guide to trek bikes
bikebrands,what is raleigh?
bikeaccessories,5 best bike pump options for cyclists
bikeaccessories,5 best bike lock options for cyclists
bikeaccessories,5 best bike light options for cyclists
bikeaccessories,bike lock buying guide: top considerations
bikeaccessories,bike helmet buying guide: top considerations
bikemaintenance,why regular gear tuning is crucial for your bike's lifespan?
bikemaintenance,how to perform a chain cleaning on your bike?
bikemaintenance,why regular tire repair is crucial for your bike's lifespan?
bikemaintenance,how to perform a gear tuning on your bike?
bikemaintenance,why regular brake adjustment is crucial for your bike's lifespan?
